独立站 / WordPress 技术 SEO Master Audit Checklist（80项）,,,,,,,,,,,,,
适用于 WordPress 为主的独立站，也可用于普通企业站、多语言站、B2B 制造业站。已合并原40项+新增40项，并修正过时/易误用规则。,,,,,,,,,,,,,
,,,,,,,,,,,,,
id,category,check,description,priority,detection_method,tools,remediation,owner,status,acceptance_criteria,finding_type,seo_impact,notes
1,抓取与索引,robots.txt 存在与规则,确认 /robots.txt 存在、可访问，未阻挡重要页面，并声明 XML Sitemap。,Critical,访问 /robots.txt；用抓取工具和 GSC URL Inspection 验证重要 URL 是否可抓取。,"浏览器, Google Search Console, Screaming Frog",修正规则；仅限制确实无需抓取的后台/系统路径；添加 Sitemap: 完整地址。,SEO/Dev,Open,/robots.txt 返回 200；重要页面未被 Disallow；包含有效 Sitemap 声明。,Error,Crawling/Indexing,不要用 robots.txt 代替 noindex；需要读取 noindex 的页面必须允许抓取。
2,抓取与索引,XML Sitemap 提交与有效性,站点地图应仅包含重要、规范、可索引 URL，并已提交到 GSC/Bing。,Critical,检查 sitemap.xml / sitemap_index.xml；与抓取结果、GSC 索引状态交叉验证。,"Google Search Console, Bing Webmaster, Screaming Frog",生成/修正 sitemap；移除 3xx、4xx、5xx、noindex、非 canonical、测试 URL，并重新提交。,SEO,Open,Sitemap 中重要 URL 均为 200 + Indexable + Canonical；GSC/Bing 已成功读取。,Error,Indexing,大型站点可拆分 sitemap；WordPress 建议由单一 SEO 插件或核心功能输出。
3,抓取与索引,页面 noindex/nofollow 检查,检测重要页面是否误设置 noindex/nofollow，或被 X-Robots-Tag 阻止。,Critical,抓取 meta robots 与 HTTP response headers；抽查核心页面源码。,"Screaming Frog, curl, 浏览器 DevTools",移除误设置；修正服务器或 CDN 层 X-Robots-Tag；保留有策略意义的 noindex。,SEO/Dev,Open,所有核心商业/内容页面均允许索引；预期 noindex 页面已记录为 Intentional。,Error,Indexing,不要把策略性 noindex 一律当错误。
4,抓取与索引,抓取错误 (4xx/5xx),识别站内可发现的 4xx/5xx，并区分真实删除、误链、服务器故障。,High,Screaming Frog Response Codes + Inlinks；与 GSC、服务器日志对比。,"Screaming Frog, Server Logs, GSC",修复错误内链；有高度相关替代页时 301；无替代内容返回真实 404/410；修复 5xx 根因。,Dev/SEO,Open,核心页面返回 200；站内错误链接接近 0；无持续性 5xx。,Error,Crawling/Indexing,不要把所有 404 统一 301 到首页。
5,抓取与索引,抓取预算浪费,检测参数、筛选、站内搜索、日历、会话 URL 等无价值抓取空间。,High,分析爬虫 URL 模式、GSC Crawl Stats、服务器日志高频路径。,"Server Logs, Screaming Frog, GSC",通过信息架构、内部链接、canonical、noindex、robots.txt（仅控制抓取）等组合治理；减少无限 URL 生成。,SEO/Dev,Open,高频无效 URL 数量与抓取占比明显下降，重要 URL 抓取稳定。,Warning,Crawling,Google 已下线 URL Parameters 工具，不再依赖 GSC 参数设置。
6,URL 与重定向,统一域名与协议,确保 HTTP/HTTPS、www/non-www 等版本统一到唯一规范主机名。,Critical,访问各变体并检查状态码、Location 和最终 URL。,"curl -I, 浏览器, Screaming Frog",配置服务器/CDN 级 301，统一 https 与首选域名。,Dev/Infra,Open,所有非规范域名/协议变体单跳 301 到最终 https 规范 URL。,Error,Indexing/Crawling,同步统一 canonical、sitemap、hreflang 与内部链接。
7,URL 与重定向,301/302 使用与重定向链,识别不当临时重定向、链式跳转、循环与多跳。,High,抓取 Redirect Chains / Response Codes。,"Screaming Frog, Chrome DevTools",永久迁移使用 301/308；临时才用 302/307；把站内链接直接改到最终目标。,Dev,Open,重要旧 URL 到最终页 ≤1 次跳转，无循环或链式重定向。,Error,Crawling/Ranking,历史迁移 URL 可长期保留 301。
8,URL 与重定向,canonical 标签正确性,检查 canonical 是否唯一、可抓取、返回 200，并与页面意图一致。,High,抓取 Canonicals；抽查源码；与 GSC Google-selected canonical 对比。,"Screaming Frog, GSC, 手工检查",修正错误、跨语言误 canonical、指向 3xx/4xx/noindex 的 canonical；必要时删除冲突输出。,SEO/Dev,Open,核心页面 canonical 指向预期规范 URL；无多重/冲突 canonical。,Error,Indexing/Ranking,独立多语言页面通常应 self-canonical。
9,站点架构,点击深度,检查重要页面是否距首页过深，导致发现、权重传递和用户路径变差。,High,抓取 Crawl Depth、Site Structure；人工检查导航路径。,"Screaming Frog, Sitebulb",调整主导航/分类/聚合页；增加相关上下文内链。,SEO/Product,Open,核心商业页面通常 ≤3 次点击可达，或有强相关高权重入口。,Opportunity,Crawling/Ranking,不要机械追求所有页面 ≤3 层；按业务重要度分级。
10,站点架构,面包屑与 Breadcrumb Schema,关键层级页是否有可用面包屑，并输出一致的 BreadcrumbList。,Medium,人工检查前台与 JSON-LD；结构化数据测试。,"浏览器 DevTools, Rich Results Test",在主题/插件中统一输出面包屑；避免多个组件重复输出。,Dev/SEO,Open,面包屑可见、层级合理；BreadcrumbList 无严重错误且与可见路径一致。,Opportunity,UX/Ranking,对深层产品/博客页优先。
11,站点架构,内部链接分布,识别孤岛页、内链过少、锚文本弱、重要页链接权重不足。,High,统计 Inlinks、Unique Inlinks、Link Score、Anchor Text；与 GSC 落地页对比。,"Screaming Frog, GSC",从相关分类、产品、文章和高权重页面增加上下文内链；使用描述性锚文本。,Content/SEO,Open,重点页面有多个相关内链来源且可稳定被抓取；无重要孤岛页。,Error,Crawling/Ranking,不建议用固定“≥3”作为唯一验收标准，应看来源质量和上下文相关性。
12,站点架构,分页与筛选 (Faceted Navigation),防止分页与筛选产生大量重复、低价值、无限可抓取 URL。,High,识别分页/参数组合；检查 canonical、indexability、内链与日志。,"Screaming Frog, Server Logs",分页页通常保持独立可抓取 URL 与 self-canonical；筛选组合按价值决定 index/noindex/canonical/链接控制。,Dev/SEO,Open,重要分页可被发现；低价值筛选不会大规模索引或制造无限抓取。,Error,Crawling/Indexing,不要把正常分页一律 canonical 到第一页。
13,内容与元数据,Title 唯一性与搜索意图,每个核心页面 Title 应独特、准确表达页面主题，并覆盖主要搜索意图。,High,抓取 Missing/Duplicate/Over Pixels；结合 GSC CTR 与目标关键词人工评估。,"Screaming Frog, GSC, Semrush",为重复/缺失/低 CTR 页面重写 Title；把主关键词和商业属性放在前部。,Content/SEO,Open,核心页面 Title 唯一、主题明确，无明显模板重复或严重截断。,Opportunity,CTR/Ranking,长度不是绝对排名因子，优先保证语义与点击吸引力。
14,内容与元数据,Meta Description,检查描述缺失、重复、占位符、与页面不匹配及低 CTR 页面。,Medium,抓取 Description；结合 GSC CTR、SERP 展示人工抽查。,"Screaming Frog, GSC",撰写独特、具体、可转化的描述；突出产品/应用/差异化/CTA。,Content/SEO,Open,重点页面 Description 与实际内容一致、无模板重复，CTR 异常页已优化。,Opportunity,CTR,Google 可能重写 Description，验收以页面质量和 CTR 改善为主。
15,内容与元数据,H1 与标题层级,检查 H1 缺失、模板重复、页面主题不清及 H2/H3 层级混乱。,Medium,抓取 H1/H2；人工检查模板与正文层级。,"Screaming Frog, 手工检查",每个核心页面设置清晰的主 H1；修复因模板造成的重复/缺失；保持语义层级。,Dev/Content,Open,核心页面存在明确主 H1 且与 Title/正文意图一致；无模板性严重重复。,Error,Ranking/Accessibility,SEO 不要求技术上绝对只有一个 H1，但建议保持清晰主标题。
16,内容与元数据,薄内容 (Thin / Low-value Content),识别缺少实质采购信息、搜索价值低或仅模板拼接的页面。,High,结合 Word Count、Near Duplicate、GSC 展示/点击与人工内容评估。,"Screaming Frog, GSC, Manual",扩充独特价值；合并高度重叠页面；无价值页面可下线并按情况 301/404。,Content/SEO,Open,核心页面具备足够的独特决策信息，不以固定字数作为唯一标准。,Error,Ranking/Indexing,B2B站重点补充材料、MOQ、结构、测试、应用条件、案例。
17,内容与元数据,重复/近似重复内容,检测站内模板重复、同主题竞争、参数/语言副本与外部复制。,High,抓取 Exact/Near Duplicates；抽查 SERP 与页面文本。,"Screaming Frog, Sitebulb, Copyscape, Manual",合并主题、重写差异内容、canonical 或 301；清理无价值副本。,Content/SEO,Open,关键页面主题边界清晰，无大规模内部重复或错误 canonical。,Error,Ranking/Indexing,优先处理造成关键词蚕食的重复。
18,内容与元数据,标签/归档/搜索页处理,确保标签、作者、日期归档、站内搜索等页面符合明确索引策略。,Medium,抓取 URL 模式与 meta robots；抽查是否有独立搜索价值。,"Screaming Frog, 手工检查",无独立价值时 noindex；有价值的聚合页则完善内容、Title、内链并保留索引。,SEO,Open,各类归档/搜索页均按既定策略处理，无大量低价值索引。,Warning,Indexing,不要一刀切 noindex 所有分类页。
19,技术性能,Core Web Vitals (LCP/CLS/INP),同时用真实用户 Field Data 与 Lab Data 判断核心页面/模板的 CWV。,Critical,PageSpeed Insights / CrUX 查看真实用户数据；Lighthouse 定位实验室问题。,"PageSpeed Insights, CrUX, Lighthouse",优化 LCP 资源、服务器、JS 主线程、布局稳定性和第三方脚本。,Dev/Performance,Open,主要模板真实用户数据达到或接近 LCP≤2.5s、INP≤200ms、CLS≤0.1（75百分位）。,Error,Performance/Ranking,低流量 URL 可能只能参考 origin 级 Field Data。
20,技术性能,服务器响应时间 (TTFB),检查源站、数据库、PHP、缓存和 CDN 导致的高 TTFB。,High,多地区测 TTFB；检查匿名缓存命中；结合服务器慢日志。,"WebPageTest, GTmetrix, curl, Server Profiling",优化页面缓存、对象缓存、数据库、PHP-FPM、源站配置和 CDN。,Dev/Infra,Open,核心页面 TTFB 显著下降且多次测试稳定；缓存命中正常。,Warning,Performance/Crawling,不同地区与缓存状态分别测试。
21,技术性能,渲染阻塞 CSS/JS,识别阻塞首屏的 CSS/JS、未使用代码与长任务。,High,Lighthouse Opportunities；DevTools Coverage/Performance/Network。,"Lighthouse, PageSpeed Insights, Chrome DevTools",内联必要 Critical CSS；延迟/异步非关键 JS；移除未使用代码和重复库。,Dev,Open,关键页面阻塞时间、长任务与未使用资源显著降低。,Warning,Performance,Elementor/主题常见重复 CSS/JS 需按模板优化。
22,技术性能,图片优化,检查图片尺寸、格式、压缩、srcset、lazy-load 与首屏 LCP 图。,Medium,Screaming Frog Images + PSI diagnostics + 实际网络传输大小。,"Screaming Frog, PageSpeed Insights",转换 WebP/AVIF；输出正确尺寸/srcset；非首屏 lazy-load；首屏 LCP 图优先加载。,Dev/Content,Open,无明显超大图片；响应式尺寸合理；首屏主图不被错误 lazy-load。,Warning,Performance/UX,图片文件大小与显示尺寸都要检查。
23,技术性能,缓存与 CDN,确认页面缓存、静态资源缓存、Browser Cache 与 CDN 配置合理。,High,检查 Cache-Control、Age、CF-Cache-Status 或其他 CDN 标头。,"curl -I, CDN 仪表板, 浏览器 DevTools",配置 HTML 页面缓存策略、静态资源长缓存；排除登录/购物车/表单等动态页面。,Dev/Infra,Open,匿名核心页面可稳定命中合适缓存；静态资源有长期缓存且功能正常。,Error,Performance,避免 WordPress 缓存插件与 CDN 重复/冲突。
24,移动体验,移动可用性与真实设备体验,检查响应式布局、触控目标、字体、Viewport、横向滚动、粘性组件遮挡。,High,Lighthouse Mobile、Chrome Device Mode、真实手机测试。,"Lighthouse, PageSpeed Insights, Chrome DevTools, 实机",修复触控、字体、viewport、溢出、固定元素与表单交互。,Dev/UX,Open,主要页面在真实手机可正常阅读/点击/提交，无横向溢出或严重遮挡。,Error,UX/Conversion,Google Mobile-Friendly Test 已退役，不再作为工具。
25,安全与 Header,HTTPS 与证书链,全站 HTTPS、证书有效、自动续期、无混合内容。,Critical,浏览器安全面板、SSL 检测、抓取 Insecure Content。,"SSL Labs, 浏览器, Screaming Frog",修复证书链和自动续期；把内部资源全部升级为 https。,Dev/Infra,Open,证书有效且链完整；核心页面无 Mixed Content；所有 HTTP 正确重定向。,Error,Security/UX,安全问题可能影响浏览器信任与转化。
26,安全与 Header,HSTS 与安全头,检查 HSTS、X-Frame-Options/frame-ancestors、Referrer-Policy、Permissions-Policy、CSP 等。,Medium,检查响应头并测试功能兼容性。,"curl -I, securityheaders.com, DevTools",分阶段启用；CSP 先 Report-Only；HSTS preload/includeSubDomains 谨慎。,Dev/Security,Open,关键安全头符合站点策略且不破坏表单、第三方脚本、支付/嵌入功能。,Opportunity,Security,不要未经测试直接上严格 CSP 或 HSTS preload。
27,结构化数据,Schema 类型覆盖,检查 Organization、Breadcrumb、Article、Product、FAQ 等是否只用于真正适合的页面。,Medium,Rich Results Test、页面 JSON-LD、GSC Enhancements。,"Rich Results Test, GSC, Screaming Frog",按页面类型补充必要 schema；避免为了富结果堆无关类型。,SEO/Dev,Open,适用页面有正确 schema；无严重错误；与可见内容一致。,Opportunity,CTR/Entity,FAQ/HowTo 等富结果资格变化时仍可保留语义价值。
28,结构化数据,Schema 错误、重复与冲突,避免主题、SEO 插件、Schema 插件重复输出冲突实体。,Medium,抓取 JSON-LD 数量；Rich Results Test；人工比对实体 ID。,"Rich Results Test, Screaming Frog",保留单一可信输出源；统一 Organization/Product/Breadcrumb 实体。,Dev/SEO,Open,无严重 schema 冲突、重复或相互矛盾属性。,Error,CTR/Entity,WordPress 多插件同时输出是常见问题。
29,国际化 / 多语言,hreflang 基础实现,检查 hreflang 是否使用有效语言/地区代码、包含自引用并双向返回。,Medium,Screaming Frog Hreflang 报告；查看 head 或 hreflang sitemap。,"Screaming Frog, 手工检查",修正 Missing Return Links、Invalid Language Codes、错误目标和 x-default。,SEO/Dev,Open,计划索引的语言版本相互正确双向返回，代码与实际语言一致。,Error,International/Indexing,Rich Results Test 不是 hreflang 验证工具。
30,链接分析,站内坏链,检测页面正文、导航、图片、按钮、CSS/JS 资源中的内部 4xx。,High,爬虫扫描 + 4xx Inlinks 导出。,"Screaming Frog, Server Logs",更新错误链接到最终 URL；无替代内容则删除；必要时对旧 URL 301。,Dev/Content,Open,重要页面站内 4xx 链接为 0 或接近 0，无重复制造错误 URL 的模板问题。,Error,Crawling/UX,优先修复导航、模板和高 Inlinks 错误。
31,链接分析,外部反向链接概览,了解高价值、异常和丢失反链，判断是否影响核心页面排名。,Medium,Semrush Backlink Analytics / GSC Links；按页面与 referring domain 分析。,"Semrush, Google Search Console",优先恢复高质量真实链接；仅在明确存在人为违规链接风险时评估 disavow。,SEO,Open,核心页面反链变化已记录；不存在需要紧急处理的明确人工违规链接风险。,Opportunity,Ranking/Authority,不要因为普通垃圾链接存在就默认 Disavow。
32,媒体与富媒体,Image/Video Sitemap,评估重要图片/视频是否需要独立或扩展 sitemap 声明。,Low,检查现有 sitemap 是否包含媒体条目及视频详情。,"Screaming Frog, 手工检查",对以图片/视频搜索为重要渠道的网站配置；普通企业站可不单独建立。,SEO/Dev,Open,若业务依赖图片/视频搜索，则关键媒体可被发现且 sitemap 有效。,Opportunity,Discovery,按业务需求启用，不是所有站必做。
33,日志与抓取分析,Server Logs 抓取分析,分析 Googlebot/Bingbot 实际抓取频率、状态码、热点和浪费路径。,High,提取日志中的搜索引擎 User-Agent/IP，按 URL/状态/频率统计。,"Server Logs, Screaming Frog Log Analyzer, ELK",治理高频无效路径、5xx、链式跳转；提升重要页面发现和响应稳定性。,Dev/SEO,Open,主要抓取热点、异常状态与浪费路径已识别并进入整改计划。,Opportunity,Crawling,共享主机可能拿不到完整日志，可降为 N/A。
34,监控与跟踪,Search Console / Analytics 配置,确认 GSC、GA4、Bing Webmaster 数据完整、域名正确、无重复追踪。,Critical,检查属性、验证方式、数据流、站点地图和实时数据。,"GSC, GA4, Bing Webmaster, Tag Assistant",修复重复 GA4/GTM、错误域名、漏装标签和未验证属性。,SEO/Analytics,Open,核心属性数据连续、无重复 page_view，站点地图和验证状态正常。,Error,Measurement,迁移域名/主题后必须复查。
35,监控与跟踪,事件与转化追踪,核查表单、WhatsApp、电话、邮件、购买/询价等关键转化事件。,Medium,真实触发事件，对比前端、GA4、CRM/邮箱/后台记录。,"GA4, GTM, Tag Assistant, CRM",修复重复触发、漏报、跨域问题；必要时采用 server-side tracking。,Analytics/Dev,Open,关键转化仅触发一次且能在分析/CRM 中准确对应。,Error,Conversion,SEO 流量价值判断必须依赖可靠转化数据。
36,WordPress 专项,核心/主题/插件更新与安全,检查 WordPress 核心、PHP、主题和插件版本、漏洞和维护状态。,High,WP 后台、WP-CLI、主机版本与安全公告。,"WP-CLI, WP Admin",备份后更新；替换废弃/高风险组件；清理无用插件主题。,Dev/Security,Open,生产环境必要组件受支持且更新；无已知高危漏洞长期未处理。,Error,Security/Maintenance,更新前使用 staging 回归测试。
37,WordPress 专项,SEO 插件与主题输出冲突,检测多个插件/主题重复输出 Title、meta robots、canonical、schema、sitemap。,High,检查源码 head；比较 sitemap 来源与插件配置。,"Screaming Frog, DevTools, WP Admin",确定单一 SEO 输出源；关闭主题或重复插件中的相同功能。,Dev/SEO,Open,每页只有一套有效 canonical/robots/meta/schema 主输出，sitemap 来源清晰。,Error,Indexing,常见于 Yoast/Rank Math/主题 Schema/缓存插件组合。
38,WordPress 专项,Permalink 与 rewrite,确认固定链接稳定、语义清晰，无 ?p=、重复路径或 rewrite 冲突。,Medium,检查 WP Permalink、旧 URL、状态码和 canonical。,"WP Admin, curl, Screaming Frog",设置稳定结构；历史 URL 301 到最终 URL；修复 rewrite 规则冲突。,Dev/SEO,Open,所有内容有稳定规范 URL；旧参数/旧路径正确重定向。,Warning,Indexing,不要在已有成熟站点无必要大改 URL 结构。
39,WordPress 专项,XML-RPC / REST API 暴露与滥用,确认 XML-RPC、REST API、登录接口仅开放业务需要的能力，并有防滥用措施。,Low,检查端点行为、WAF/日志、插件依赖。,"curl, WP-CLI, Server Logs, WAF",不使用 XML-RPC 时限制或禁用；REST API 按最小权限、鉴权和限速保护，不做无脑全禁。,Dev/Security,Open,不必要接口受限；必要 REST/API 功能正常且无明显滥用。,Warning,Security,Gutenberg、插件和第三方集成可能依赖 REST API。
40,维护与流程,审计交付与优先级清单,把发现的问题转化为可执行任务，明确负责人、P0/P1/P2、验收与复测。,Critical,汇总本清单与抓取/GSC/PSI/日志结果。,"Excel/CSV, Jira, Trello, Notion",建立整改任务表、负责人、截止时间和复测字段。,SEO/PM,Open,所有 P0/P1 问题均有负责人、修复方案、验收标准和完成记录。,Opportunity,Maintenance,建议保留审计快照用于前后对比。
41,抓取与索引,Soft 404 与状态码真实性,检测页面显示空内容、错误或“未找到”但服务器仍返回 200，以及错误的状态码策略。,High,抓取 Response Code；人工核对页面可见内容；查看 GSC Soft 404。,"Screaming Frog, curl, GSC URL Inspection",不存在且无替代内容返回 404/410；有相关替代页时 301；修复错误 200。,SEO/Dev,Open,错误页状态码与实际内容一致，核心站点无重要 Soft 404。,Error,Indexing/Crawling,搜索页、空分类、删除产品、错误语言 URL 常见。
42,抓取与索引,Sitemap URL 可索引一致性,确保 Sitemap 只提交最终可索引的规范 URL。,High,将 Sitemap URL 与 Status、Indexability、Canonical、Directives 交叉比对。,"Screaming Frog, GSC",删除 3xx、4xx、5xx、noindex、非 canonical 与测试 URL。,SEO/Dev,Open,Sitemap URL 均为 200 + Indexable + Canonical，且不经过重定向。,Error,Indexing,适合作为每月自动审计项。
43,抓取与索引,Sitemap lastmod 准确性,确认 lastmod 只在正文、结构化数据、重要链接等发生实质变化时更新。,Medium,抽查 sitemap lastmod 与 CMS 实际修改记录。,"浏览器, Screaming Frog, WP SEO Plugin",修复错误 lastmod 逻辑，避免全站每日自动刷新。,Dev/SEO,Open,lastmod 与实际重要内容变更基本一致。,Warning,Crawling,版权年份变化不应导致所有 URL lastmod 更新。
44,抓取与索引,Google 选择的 Canonical,检查 Google-selected canonical 是否与 User-declared canonical 一致。,High,GSC URL Inspection 抽查核心页和排名下降页。,Google Search Console,解决重复内容、内链、sitemap、redirect、canonical 信号冲突。,SEO/Dev,Open,核心商业页面 Google-selected canonical 与预期 URL 一致。,Error,Indexing/Ranking,排名下降或不收录时优先检查。
45,抓取与索引,孤立页面 Orphan Pages,发现 GSC/GA4/Sitemap 存在但正常爬虫无法通过站内链接发现的页面。,High,交叉比对 Crawl、Sitemap、GSC、GA4 URL 集合。,"Screaming Frog, GSC, GA4",增加分类、导航、相关文章或上下文内链；无价值页面合并/下线。,SEO/Content,Open,所有重要页面至少存在有效可抓取内链入口。,Error,Crawling/Ranking,历史产品页与博客常见。
46,JavaScript SEO,渲染后内容完整性,检查主要正文、H1、产品信息、内链、canonical、robots 是否依赖 JS 后才出现或渲染失败。,High,对比 Raw HTML、Rendered HTML 与 GSC URL Inspection 渲染结果。,"Screaming Frog JS Rendering, GSC, Chrome DevTools",重要 SEO 内容优先服务端输出；修复异步加载、hydration、JS 错误。,Dev/SEO,Open,Google 渲染结果包含主要正文、标题、链接和关键 SEO 标签。,Error,Crawling/Indexing,Elementor、React/Next、第三方建站都应抽查。
47,JavaScript SEO,可抓取链接 <a href>,检查按钮、菜单、卡片是否只有 onclick/JS 导航而没有标准 a href。,High,查看源码/Rendered HTML；抓取 Outlinks。,"Screaming Frog, Chrome DevTools",重要站内导航与 CTA 使用标准 <a href='URL'>。,Dev/SEO,Open,核心产品、分类、博客链接均可被爬虫直接解析。,Error,Crawling/Ranking,Mega Menu、Elementor 卡片和 JS 组件重点检查。
48,JavaScript SEO,Lazy-load 内容可索引,检查内容是否必须滚动、点击、展开或 Load More 后才进入 DOM。,High,关闭交互查看 Rendered HTML；GSC 渲染；模拟无用户操作抓取。,"Chrome DevTools, GSC, Screaming Frog",核心 SEO 内容无需点击即可出现在可渲染 DOM；Lazy-load 使用标准方式。,Dev,Open,Google 渲染可发现重要文本、产品卡片和链接。,Error,Indexing/Crawling,不要让 Load More 成为唯一发现路径。
49,URL 与重定向,URL 规范化完整性,检查大小写、尾斜杠、index.php/index.html、HTTP、www、参数等重复版本。,High,组合访问 URL 变体；抓取 canonical 与 redirect。,"Screaming Frog, curl",确定唯一 URL 规范并统一 301、canonical、内链、sitemap 与 hreflang。,Dev/SEO,Open,每个内容只有一个最终规范 URL。,Error,Indexing,迁移站和旧站尤其常见。
50,URL 与重定向,重定向目标相关性,检查旧 URL 是否被批量跳到首页、无关分类或错误语言页。,High,导出所有 3xx，人工比对 Source/Target 主题。,Screaming Frog,有对应内容时 301 到最相关 URL；无替代内容返回 404/410。,SEO/Dev,Open,重要重定向均高度相关，无万能首页跳转。,Error,Ranking/Indexing,错误目标可能被视为 Soft 404。
51,URL 与重定向,站内链接指向重定向 URL,识别内部仍指向旧 301/302 地址的链接。,Medium,Bulk Export → Redirection Inlinks。,Screaming Frog,把内部链接直接改到最终 200 URL。,Content/Dev,Open,核心页面内部链接不经过无必要跳转。,Warning,Crawling/Performance,大型模板问题应批量修复。
52,内容与关键词,关键词蚕食 Cannibalization,检测多个页面竞争同一关键词，导致排名 URL 切换、CTR 和权重分散。,High,GSC Query→Pages；Semrush Keyword/URL；比较 Title/H1 与搜索意图。,"GSC, Semrush",建立 Keyword-to-URL Map；合并重复主题或重新定义主次意图与内链。,SEO/Content,Open,核心商业关键词有明确唯一主落地页，URL 不频繁互换。,Error,Ranking,排名下降诊断中的关键项目。
53,内容与关键词,搜索意图匹配,判断落地页类型与当前 SERP 主流意图是否匹配。,High,人工检查目标关键词前 10 结果类型、内容结构、商业/信息意图。,"Google Search, Semrush",调整页面定位、内容结构，或创建更匹配意图的新页。,SEO/Content,Open,主要关键词落地页类型与 SERP 意图明显一致。,Error,Ranking,避免用博客抢 Manufacturer/Supplier 等商业词。
54,内容与关键词,关键词—页面映射表,建立核心关键词与唯一目标 URL、意图、主次关键词的长期映射。,High,汇总 GSC、Semrush、URL、Title、H1 与业务目标。,"GSC, Semrush, Excel",建立 Keyword Map 并定期更新。,SEO,Open,所有核心商业词有明确 Target URL，无明显重叠。,Opportunity,Ranking/Maintenance,可作为内容规划与改版验收基础。
55,内容质量,内容独特价值与信息增益,检查是否仅有行业通用/AI模板描述，缺少真实制造与采购决策信息。,High,人工抽查重点页并与 SERP 竞争页比较。,"Manual, Semrush",增加材料结构、MOQ、尺寸、阻隔、测试、生产流程、应用限制、案例等一手内容。,Content/Product/SEO,Open,核心商业页面包含明显区别于竞品的一手信息与采购价值。,Error,Ranking/Conversion,B2B制造业重点。
56,内容质量,内容时效与过期信息,检查年份、认证、规格、MOQ、交期、联系方式、设备能力等是否过期。,Medium,人工抽查高流量与高商业价值页。,"Manual, GSC",更新失效信息；只有实质变化才更新发布日期/lastmod。,Content/Product,Open,重要商业信息与公司当前能力一致。,Warning,Ranking/Conversion,避免为了SEO机械修改日期。
57,信任与 E-E-A-T,企业实体与信任信息,检查 About、Contact、Factory、Certifications、Privacy、Terms、作者/审核者等真实性与一致性。,High,全站人工审核 + Schema/NAP 对比。,"Manual, Screaming Frog, Rich Results Test",补充真实公司名称、地址、联系方式、工厂能力、证书、团队/审核信息。,Content/SEO,Open,核心信任页面完整，企业实体信息跨页面保持一致。,Opportunity,Trust/Conversion,B2B外贸站优先级高。
58,国际化 / 多语言,hreflang 可索引一致性,确保 hreflang 目标均 200、可索引、canonical 正确并互相返回。,High,检查 Noindex Return Links、Non-Canonical Return Links、Missing Return Links。,Screaming Frog,从 hreflang 移除 noindex/404/redirect URL；修复 canonical 与双向互指。,SEO/Dev,Open,有效 hreflang URL 均 200、Indexable、self-canonical、双向返回。,Error,International/Indexing,未完成语言页面应暂时移除 hreflang。
59,国际化 / 多语言,语言与 hreflang 代码匹配,检查 en/de/es/ru/id 等代码与实际页面语言、地区是否一致，x-default 是否合理。,Medium,抓取 hreflang 并人工抽样页面语言。,"Screaming Frog, Manual",修复错误语言/地区代码和跨语言错链。,SEO/Content,Open,hreflang 代码与真实内容语言一致，无无效值。,Error,International,机器翻译页也应检查残留英文与语言混杂。
60,国际化 / 多语言,多语言 Canonical 策略,检查不同语言页面是否错误 canonical 到英文或其他语言。,High,按语言目录过滤 Canonical；与 hreflang 交叉分析。,Screaming Frog,计划独立收录的翻译页使用 self-canonical；真正重复内容才规范化。,SEO/Dev,Open,所有计划独立收录的语言页 self-canonical，且与 hreflang 一致。,Error,International/Indexing,典型高风险问题。
61,技术性能,Field Data 与 Lab Data 分离,避免只看 Lighthouse 分数，必须区分真实用户 CrUX 与实验室诊断。,High,PSI 同时查看 Field Data、Diagnostics；按模板/URL 分组。,"PageSpeed Insights, CrUX, Lighthouse",优先修真实用户不达标模板，再用 Lab Data 定位技术原因。,Dev/SEO,Open,重点模板 CWV 真实用户数据持续改善并达到目标。,Warning,Performance/Ranking,排名分析不要把单次 Lighthouse 分数直接等同排名因果。
62,技术性能,第三方脚本影响,量化 GTM、GA4、聊天、广告、热图、OKKI、reCAPTCHA 等第三方脚本成本。,High,查看 PSI Third-party、DevTools Performance/Network/Long Tasks。,"PageSpeed Insights, Chrome DevTools",延迟非必要脚本、交互后加载、去重统计代码。,Dev/Analytics,Open,非关键第三方脚本不明显阻塞首屏或制造长任务。,Warning,Performance/Conversion,外贸站常见性能瓶颈。
63,技术性能,字体加载与布局偏移,检查 Web Font、FOIT/FOUT、未设尺寸媒体、Banner/Cookie 组件导致 CLS。,Medium,Lighthouse CLS diagnostics、Layout Shift Regions。,"PageSpeed Insights, Chrome DevTools",预加载关键字体、font-display、设置媒体尺寸、预留动态区域空间。,Dev,Open,核心页面 CLS≤0.1 且无明显视觉跳动。,Warning,Performance/UX,移动端重点。
64,WordPress 专项,WP-Cron 与后台任务,检查 wp-cron.php 高频调用、备份/扫描/同步任务拖慢服务器。,Medium,服务器日志、WP Cron Events、慢请求分析。,"WP-CLI, Query Monitor, Server Logs",清理异常重复任务；必要时使用系统 Cron；降低高频扫描。,Dev/Infra,Open,不存在明显影响 TTFB 的异常 Cron 或重复任务。,Warning,Performance/Maintenance,插件多时重点检查。
65,WordPress 专项,数据库与 Autoload 膨胀,检查 wp_options autoload、transients、修订和废弃插件表导致数据库负担。,Medium,数据库大小、autoload 体积、Query Monitor 慢查询。,"WP-CLI, Query Monitor, Database Tools",备份后清理无效 autoload/transients 和废弃插件数据。,Dev/DBA,Open,无明显异常 autoload 和慢查询，数据库大小与业务规模匹配。,Warning,Performance/Maintenance,禁止无备份直接清库。
66,WordPress 专项,页面缓存/Object Cache/CDN 协同,检查 WordPress 缓存、Redis/Object Cache 与 Cloudflare/CDN 是否冲突。,High,匿名访问检查 HIT/MISS、Cache-Control、动态页面缓存。,"curl, Cloudflare, WP Cache Plugin, Query Monitor",明确缓存层级；动态页合理排除；避免多个插件重复做同一缓存。,Dev/Infra,Open,匿名核心页面稳定命中缓存，登录/表单/购物车等动态功能正常。,Error,Performance,缓存问题经常导致后台正常、用户端异常。
67,WordPress 专项,测试站/Staging 被索引,检查 staging、dev、临时域名、主机预览域是否可被搜索引擎索引。,Critical,site: 搜索、DNS/子域检查、GSC、Semrush。,"Google Search, GSC, Semrush",使用密码认证/访问控制；必要时 noindex；移除外部和站内链接。,Dev/SEO,Open,测试环境不可被公开搜索引擎索引。,Error,Indexing,复制站可能造成严重重复内容。
68,WordPress 专项,管理员账号与 2FA,检查管理员数量、弱用户名、2FA、登录限速与暴力破解保护。,High,WP 用户列表、安全日志、WAF 事件。,"WP Admin, WAF, Security Plugin",删除不用管理员；启用 2FA；限制 wp-login 暴力破解。,Dev/Security,Open,所有高权限账号使用 2FA，异常登录受限。,Error,Security,直接关系站点稳定性与业务连续性。
69,WordPress 专项,废弃插件与主题,检查未使用、停止维护、重复功能或长期不更新的插件/主题。,High,后台版本、更新历史、漏洞公告。,"WP Admin, WP-CLI",删除不用组件；替换停止维护插件；保留必要默认主题按策略。,Dev/Security,Open,生产环境仅保留必要且持续维护组件。,Error,Security/Maintenance,停用但保留的插件仍需更新或删除。
70,用户体验 / Accessibility,表单与链接可访问性,检查 label、按钮可访问名称、空链接、图片链接 ALT、键盘导航和 viewport。,Medium,Lighthouse Accessibility + 手工键盘/移动端测试。,"Lighthouse, Chrome DevTools, Screaming Frog",补充 label/aria-label、描述性链接文本；允许缩放；修复空链接。,Dev/UX,Open,关键询盘表单、菜单和 CTA 无严重可访问性问题。,Opportunity,UX/Conversion,也能改善页面质量和转化。
71,转化与功能,询盘表单端到端测试,真实测试前端提交、后端接口、邮件送达、CRM 入库和 GA4 事件。,Critical,PC/移动端逐个提交主要表单，记录各系统结果。,"GA4, GTM, 邮箱, CRM, Tag Assistant",修复验证、SMTP、接口、垃圾邮件过滤和事件重复/漏触发。,Dev/Marketing,Open,PC/移动提交成功；邮箱/CRM收到；GA4 事件只触发一次。,Error,Conversion,B2B独立站必须 P0。
72,监控与跟踪,Manual Actions 与 Security Issues,定期检查 GSC 人工处置与安全问题。,Critical,GSC Manual Actions / Security Issues。,Google Search Console,按 Google 要求清除问题并提交复审。,SEO/Security,Open,GSC 无 Manual Action 和 Security Issue。,Error,Ranking/Security,排名突然大跌时第一批检查项。
73,监控与跟踪,SEO 修改日志,记录 Title、内容、URL、redirect、canonical、hreflang、模板、Cloudflare、插件等重大变更。,High,将发布记录与 GSC 排名/流量趋势比对。,"Excel, Jira, Trello, GSC",建立 Change Log，记录 URL、日期、负责人、变更前后和回滚方案。,SEO/PM,Open,重大 SEO 变更可追溯到具体时间与页面。,Opportunity,Maintenance/Ranking,诊断排名下降非常重要。
74,监控与跟踪,SEO 上线前后回归测试,改版、主题/插件更新后复查状态码、robots、canonical、hreflang、TDK、Schema。,High,上线前后各抓取一次，做 Crawl Diff。,"Screaming Frog, GSC, Visual Diff",建立发布 Checklist；重大更新后立即复抓。,SEO/Dev,Open,上线未新增关键 Indexability、Redirect、Metadata 或 Schema 错误。,Error,Maintenance/Indexing,WordPress主题更新尤其重要。
75,排名与竞争,设备/国家排名拆分,避免只看全站平均排名，按国家、设备、页面和查询拆分。,High,GSC Country/Device/Page/Query 对比；Semrush Position Tracking。,"GSC, Semrush",建立 US/UK/DE 等核心市场和 Mobile/Desktop 基准。,SEO,Open,核心关键词可按国家、设备和 URL 持续追踪。,Opportunity,Ranking,平均排名下降经常是设备/国家结构变化造成。
76,排名与竞争,下降页面与下降关键词一一映射,对流量下降页面定位具体 Query，而非只看页面平均 Position。,High,GSC 先筛 Page 再看 Queries，比较 28 天/28 天；Semrush 交叉验证。,"GSC, Semrush",建立页面级 Query 变化表，优先处理高 Impression 且排名 4-20 下滑词。,SEO,Open,每个 P0/P1 下降页记录主要下降词、位置、点击、展示和 CTR 变化。,Error,Ranking,用于月度排名诊断。
77,链接分析,重要页面 Lost Backlinks,检测排名下降页面同期是否丢失高质量反向链接/引用域。,Medium,Semrush Lost Backlinks / Referring Domains 按 URL 分析。,"Semrush, GSC",恢复可恢复链接；通过内容资产和行业合作获取真实引用。,SEO/PR,Open,核心下降页面的外链变化原因已确认。,Warning,Ranking/Authority,不要因垃圾链接自然消失误判。
78,结构化数据,Schema 与可见内容一致,结构化数据中的产品、组织、FAQ、作者、评分等必须与用户可见内容一致。,Medium,Rich Results Test + 页面可见内容人工比对。,"Rich Results Test, Screaming Frog",删除隐藏/虚假/冲突字段；保持单一可信数据源。,SEO/Dev,Open,Schema 无严重错误，关键属性与页面可见内容一致。,Error,CTR/Trust,不要为了富结果堆叠不可见内容。
79,媒体与富媒体,图片尺寸/ALT/链接语义综合检查,除 ALT 缺失外，同时检查 ALT 质量、实际尺寸、width/height、lazy-load、图片链接语义。,Medium,Images 报告、Missing ALT、Large Images、链接图片抽查。,"Screaming Frog, PageSpeed Insights",内容图片写描述性 ALT；装饰图 alt='';压缩并设置 width/height/srcset。,Content/Dev,Open,核心图片无过大资源、布局偏移和无意义/关键词堆砌 ALT。,Warning,Performance/Accessibility,ALT 主要服务可访问性与图片理解。
80,基础设施,可用性与 5xx 监控,持续监控源站、DNS、CDN、SSL 与关键 URL 是否出现间歇性 5xx/超时。,High,多地区定时 HTTP 检测并结合日志。,"UptimeRobot, Cloudflare, Server Logs",配置告警、资源监控、自动备份与快速回滚。,Dev/Infra,Open,核心页面可用率达到业务目标，无持续 5xx 峰值或证书/DNS故障。,Error,Availability/Crawling,单次爬虫可能发现不了间歇性故障。
